{
  "collaborative_filtering": {
    "RMSE": 1.0182443448702443,
    "MAE": 0.8117692099067823,
    "Precision": 0.0005370569280343716,
    "Recall": 0.0003027729601196516,
    "F1": 0.0003872362695958214
  },
  "content_based": {
    "RMSE": 1.4239427881702074,
    "MAE": 1.159906972436862,
    "Precision": 0.018689581095596132,
    "Recall": 0.020191995275601157,
    "F1": 0.01941176091277047
  },
  "config": {
    "method": "user_based",
    "top_n": 10,
    "test_ratio": 0.2
  }
}